{"RL-137.jpg": [[286, 32, 304, 40, 0.8919876344445695], [292, 44, 310, 52, 0.9206449963838421], [208, 400, 222, 406, 0.9370171451775333], [204, 192, 218, 198, 0.9461965464964516], [170, 334, 184, 340, 0.976956919086658]], "RL-167.jpg": [[234, 526, 252, 534, 0.8969661475794067], [152, 480, 170, 488, 0.9185010272257279], [102, 360, 120, 368, 0.9188844589803306], [266, 350, 284, 358, 0.9292227569415866], [272, 344, 290, 352, 0.9342639453395156], [268, 266, 286, 274, 0.9435505858614336], [138, 364, 156, 372, 0.9562280825276313]], "RL-066.jpg": [], "RL-332.jpg": [[268, 392, 286, 400, 0.9019765743233031], [224, 254, 238, 260, 0.9216555259984812], [268, 78, 286, 86, 0.9300694937732522], [226, 310, 240, 316, 0.9382372993299716]], "RL-161.jpg": [], "RL-151.jpg": [[224, 592, 242, 600, 0.9321363850922323], [196, 594, 214, 602, 0.9328573926543078], [198, 604, 216, 612, 0.941556242417647]], "RL-150.jpg": [], "RL-092.jpg": [[156, 304, 174, 312, 0.9212724452946797], [194, 370, 212, 378, 0.9390473057034692], [266, 506, 280, 512, 0.9413513727835082], [188, 212, 206, 220, 0.9506973289033435]], "RL-201.jpg": [], "RL-135.jpg": [[306, 22, 320, 28, 0.9205747547251492], [304, 30, 322, 38, 0.9219495496365806], [306, 28, 320, 34, 0.9238613200269051], [226, 198, 240, 204, 0.9406856355182354], [194, 340, 208, 346, 0.9496980315467034]], "RL-197.jpg": [], "RL-132.jpg": [], "RL-063.jpg": [[314, 48, 332, 56, 0.914752380604978]], "RL-081.jpg": [], "RL-157.jpg": [], "RL-324.jpg": [[226, 256, 240, 262, 0.9360547780595038]], "RL-143.jpg": [], "RL-212.jpg": [[204, 388, 222, 396, 0.8987330867335003], [280, 520, 294, 526, 0.9010663533092056], [164, 630, 182, 638, 0.9193549973959173]], "RL-271.jpg": [], "RL-034.jpg": [[320, 248, 334, 254, 0.9218627833983094], [320, 254, 334, 260, 0.9466693963370918], [320, 262, 334, 268, 0.9498348609309167]], "RL-158.jpg": [[172, 350, 190, 358, 0.9107109889295275], [216, 428, 234, 436, 0.9669560783751191]], "RL-321.jpg": [], "RL-056.jpg": [[262, 94, 284, 104, 0.9032714661596046]], "RL-263.jpg": [], "RL-204.jpg": [], "RL-091.jpg": [], "RL-113.jpg": [[300, 66, 314, 72, 0.9408737458710814]], "RL-295.jpg": [[250, 16, 264, 22, 0.9319251613070095]], "RL-194.jpg": [[294, 0, 312, 8, 0.9314328634364706]], "RL-140.jpg": [[278, 306, 296, 314, 0.9129999906602979]], "RL-329.jpg": [[220, 136, 238, 144, 0.9098763152599357], [200, 42, 214, 48, 0.9213333410064896]], "RL-080.jpg": [], "RL-115.jpg": [[246, 342, 264, 350, 0.9103266795585483], [284, 240, 302, 248, 0.9217377893774407]], "RL-072.jpg": [], "RL-266.jpg": [], "RL-180.jpg": [], "RL-149.jpg": [], "RL-119.jpg": [[238, 104, 252, 110, 0.9111051989152786], [238, 110, 252, 116, 0.937115012191608]], "RL-233.jpg": [[308, 518, 326, 526, 0.9172712495021066], [314, 532, 332, 540, 0.9230347982014894]], "RL-030.jpg": [[312, 286, 334, 296, 0.9176169616322163]], "RL-326.jpg": [], "RL-334.jpg": [[236, 314, 254, 322, 0.9016954856792327], [264, 104, 282, 112, 0.9025338776410048], [266, 96, 284, 104, 0.9149916169256386]], "RL-239.jpg": [[280, 220, 298, 228, 0.8944059276311792]], "RL-122.jpg": [[226, 200, 248, 210, 0.9088103196932336], [226, 210, 248, 220, 0.921960252517021]], "RL-049.jpg": [[202, 156, 220, 164, 0.8984240453313447], [200, 414, 218, 422, 0.9022615438643775], [258, 108, 280, 118, 0.9043805788454184], [222, 544, 236, 550, 0.9060458186337101], [222, 550, 236, 556, 0.9087963383689796], [222, 538, 236, 544, 0.9235359438745953], [202, 402, 220, 410, 0.9238030838742836], [206, 168, 224, 176, 0.9287989553950121], [262, 554, 284, 564, 0.9338296615521747], [264, 568, 286, 578, 0.9355412849973417], [232, 406, 250, 414, 0.9363997844047389], [268, 576, 282, 582, 0.9384684861378028], [266, 552, 280, 558, 0.9400684949306782], [158, 306, 176, 314, 0.9432736388362655], [154, 314, 172, 322, 0.9443799135959856]], "RL-021.jpg": [[266, 250, 288, 260, 0.9092376064813404], [268, 248, 286, 256, 0.9116418542948267], [190, 54, 204, 60, 0.913745525731692], [202, 336, 224, 346, 0.9164449405125498], [274, 450, 292, 458, 0.9272079410599324], [208, 334, 222, 340, 0.9621621935067217]], "RL-223.jpg": [[292, 354, 314, 364, 0.9059619429797143], [294, 288, 308, 294, 0.9095990240946522], [298, 358, 312, 364, 0.9330585473651841], [294, 282, 308, 288, 0.9403454171621511], [298, 352, 312, 358, 0.9612441753220563]], "RL-022.jpg": [[214, 552, 232, 560, 0.9036836293340221], [214, 480, 236, 490, 0.9090720648075817], [234, 412, 256, 422, 0.9094447300800037], [222, 504, 244, 514, 0.9141522986147989], [278, 132, 300, 142, 0.9179633051693912], [228, 454, 250, 464, 0.918231923485357], [216, 542, 238, 552, 0.9192141141513737], [226, 464, 248, 474, 0.9217191127275879], [220, 518, 242, 528, 0.9225955775947134], [224, 490, 246, 500, 0.9319272126260693]], "RL-196.jpg": [[186, 270, 204, 278, 0.8907548995595702], [252, 428, 270, 436, 0.8951430768124162], [200, 460, 222, 470, 0.907915161107027], [240, 520, 258, 528, 0.9156907953773491], [206, 464, 220, 470, 0.925031612789652], [232, 404, 250, 412, 0.9510796837937385], [218, 98, 236, 106, 0.9551742092800405]], "RL-083.jpg": [], "RL-126.jpg": []}